<!DOCTYPE struts PUBLIC
"-//Apache Software Foundation//DTD Struts Configuration 2.0//EN"
"http://struts.apache.org/dtds/struts-2.0.dtd">

<struts>
    <constant name="struts.multipart.maxSize" value="30000000" />
    <constant name="struts.custom.i18n.resources" value="resources/common" />
    <package name="default" extends="struts-default">   
    <interceptors>
    		<interceptor name="UserInterceptor" class="com.icicibank.interceptor.UserInterceptor" />
			<interceptor-stack name="userStack">
				<interceptor-ref name="defaultStack" />
				<interceptor-ref name="UserInterceptor" />
			</interceptor-stack>
        </interceptors>              
         <action name="falconHome" class="com.icicibank.FalconAction.FalconMainAction">
            <result name="SUCCESS">/Falcon_Home.jsp</result>
            <result name="INPUT">/Falcon_Home.jsp</result> 
            <result name="ERROR">/Falcon_ErrorPage.jsp</result>            
        </action> 
        <action name="FalconAction" class="com.icicibank.FalconAction.FalconAction">
            <result name="SUCCESS">/Falcon_Home.jsp</result>
            <result name="INPUT">/Falcon_Home.jsp</result>                       
        </action>                
         <action name="updateaction" class="com.icicibank.FalconAction.FalconAction" method="update">
            <result name="SUCCESS">/Falcon_Home.jsp</result>
            <result name="INPUT">/Falcon_Home.jsp</result>
            <result name="ERROR1">/Falcon_Home.jsp</result>                       
        </action>
       
    </package>
</struts>
