<?xml version="1.0" encoding="UTF-8"?><application id="Application_ID" version="5" xmlns="http://java.sun.com/xml/ns/javaee" xmlns:xsi="http://www.w3.org/2001/XMLSchema-instance" xsi:schemaLocation="http://java.sun.com/xml/ns/javaee http://java.sun.com/xml/ns/javaee/application_5.xsd">
    <display-name>Falcon_Fraud_Proj-Live_war</display-name>
    <module>
        <web>
            <web-uri>Falcon_Fraud_Proj-Live.war</web-uri>
            <context-root>/iview</context-root>
        </web>
    </module>
</application>